POSE_X,POSE_Y,ORIENTACION,ID,NOMBRE,PRECIO,NIVEL,PASILLO
500,400,1.5707963267949,1,Producto 1,24,1,1
700,400,1.5707963267949,2,Producto 2,24,1,1
500,500,-1.5707963267949,3,Producto 3,31,1,2
700,500,-1.5707963267949,4,Producto 4,38,1,2
